{
 "AV.ADAK..BDF" : [51.86197000, -176.6449000, 5.0],
"AV.CLCO1..BDF" : [52.78641250, -169.7229250, 135.94],
"AV.CLCO2..BDF" : [52.78718667, -169.7244333, 124.87],
"AV.CLCO3..BDF" : [52.78746000, -169.7210167, 107.19],
"AV.CLCO4..BDF" : [52.78612667, -169.7203967, 113.18],
"AV.CLCO5..BDF" : [52.78518667, -169.7250067, 113.28],
  "AV.DFR..BDF" : [60.59190000, -152.6860000, 1047.0],
  "AV.DFR..BDL" : [60.59190000, -152.6860000, 1047.0],
 "AV.OK01..BDF" : [53.41084000, -167.9143100, 210.0],
 "AV.OK02..BDF" : [53.41002000, -167.9136700, 212.0],
 "AV.OK03..BDF" : [53.40995000, -167.9150500, 213.0],
 "AV.OK04..BDF" : [53.41031000, -167.9144000, 215.0],
 "AV.SSLN..BDF" : [54.81180000, -163.9959000, 637.0]
}
