{
 "AV.ADAK..BDF" : [51.86197, -176.6449, 5.0],
"AV.CLCO1..BDF" : [52.7864125, -169.722925, 135.94],
"AV.CLCO2..BDF" : [52.78718667, -169.7244333, 124.87],
"AV.CLCO3..BDF" : [52.78746, -169.7210167, 107.19],
"AV.CLCO4..BDF" : [52.78612667, -169.7203967, 113.18],
"AV.CLCO5..BDF" : [52.78518667, -169.7250067, 113.28],
  "AV.DFR..BDF" : [60.5919, -152.686, 1047.0],
  "AV.DFR..BDL" : [60.5919, -152.686, 1047.0],
  "AV.HAG..BDF" : [55.317001, -161.904495, 516.0],
 "AV.OK01..BDF" : [53.41084, -167.91431, 210.0],
 "AV.OK02..BDF" : [53.41002, -167.91367, 212.0],
 "AV.OK03..BDF" : [53.40995, -167.91505, 213.0],
 "AV.OK04..BDF" : [53.41031, -167.9144, 215.0],
  "AV.PVV..BDF" : [55.373199, -161.791901, 173.0],
 "AV.SSBA..BDF" : [54.771801, -164.126495, 766.0],
 "AV.SSLN..BDF" : [54.8118, -163.9959, 637.0]
}
